group,names,scores,logfoldchanges,pvals,pvals_adj,pct_nz_group,pct_nz_reference
0,TAGLN,43.72289,5.586539,0.0,0.0,0.9558390578999019,0.1251435132032147
0,ACTA2,42.86103,5.585583,0.0,0.0,0.9401373895976447,0.12284730195177956
0,CALD1,42.63662,3.455919,0.0,0.0,0.9950932286555446,0.3849980864906238
0,IGFBP7,40.68508,3.3991725,0.0,0.0,0.9901864573110893,0.38997321086873327
0,ADIRF,40.127903,3.6398885,0.0,0.0,0.9833169774288518,0.32988901645618063
0,MYL9,39.722282,4.644398,0.0,0.0,0.8999018645731109,0.1584385763490241
0,CAV1,38.798206,3.9152079,0.0,0.0,0.9224730127576055,0.2395713738997321
0,SPARCL1,38.012074,4.6469574,0.0,0.0,0.8930323846908734,0.14389590508993494
0,TPM1,36.494843,3.7367828,1.3387385056489113e-291,2.187349969507471e-288,0.8763493621197253,0.23689246077305778
0,MYLK,35.749496,5.552081,6.7355894260707405e-280,9.904684251037023e-277,0.7899901864573111,0.06582472254114045
0,FILIP1L,34.88322,4.024924,1.3356996308627581e-266,1.785587551985169e-263,0.8223748773307163,0.1791044776119403
0,TPM2,34.825493,5.3659515,1.0005663801320583e-265,1.2261107183201598e-262,0.7752698724239451,0.06965174129353234
0,NOTCH3,34.770706,5.070359,6.743597900222803e-265,7.628046701752025e-262,0.7850834151128557,0.0776884806735553
0,NR2F2,34.634155,4.5725503,7.737092215050043e-263,8.126710073022206e-260,0.8056918547595682,0.11060084194412553
0,MCAM,33.621975,6.224144,8.009263301321533e-248,7.851747789728875e-245,0.7409224730127576,0.02908534251817834
0,SYNPO2,33.083942,6.1026673,5.058603941639285e-240,4.6491731851128547e-237,0.7271835132482827,0.03406046689628779
0,IFITM3,32.756176,2.7064302,2.4798197078247456e-235,2.1450440472684047e-232,0.9313052011776252,0.4125526215078454
0,LGI4,31.552534,5.662778,1.6551661826626683e-218,1.3521788175585853e-215,0.6987242394504416,0.041714504401071564
0,DSTN,30.728434,2.2287698,2.374404123433991e-207,1.8376638228998337e-204,0.9244357212953876,0.5093761959433601
0,COL18A1,30.21287,3.5510337,1.6049884589197534e-200,1.1800677644207487e-197,0.7625122669283612,0.18101798698813623
0,LHFP,30.187035,3.3213468,3.504938423061921e-200,2.4542914052916926e-197,0.7772325809617272,0.20972062763107538
0,EPS8,29.733618,4.217649,2.824364661555123e-194,1.887831015825822e-191,0.6997055937193327,0.10179869881362419
0,TIMP3,29.442041,3.5429912,1.5918493681201008e-190,1.0177454329654818e-187,0.7752698724239451,0.16953693073096057
0,NDUFA4L2,28.946642,4.8867183,3.0931886841799354e-184,1.8952224833694146e-181,0.662414131501472,0.06276310753922694
0,ID4,28.600649,3.9969587,6.595180595636725e-180,3.879285226353522e-177,0.6830225711481845,0.11557596632223498
0,PPP1R14A,28.071718,5.9566917,2.1700297681546425e-173,1.2273187592582314e-170,0.6172718351324828,0.02525832376578645
0,MAP1B,27.997877,3.7855852,1.7244238133085468e-172,9.391723027667475e-170,0.6810598626104023,0.12629161882893225
0,RGS5,27.873442,5.239277,5.6009842387286e-171,2.9415169010894306e-168,0.6280667320902846,0.04975124378109453
0,COL4A2,27.816841,2.996825,2.713995149915915e-170,1.3761827130866734e-167,0.7536800785083415,0.2403367776502105
0,MFGE8,26.761885,3.50972,8.980256214983165e-158,4.259827988429918e-155,0.6712463199214916,0.1450440107156525
0,SPARC,26.68278,2.4959412,7.458089545350947e-157,3.323369901951081e-154,0.9175662414131501,0.432070417145044
0,MGP,26.287424,2.7519155,2.6705445929362588e-152,1.1220102354036482e-149,0.8155053974484789,0.29123612705702256
0,SELM,26.180704,2.5813074,4.408081720071999e-151,1.800578935934965e-148,0.7831207065750736,0.3019517795637199
0,PPP1R12B,26.059439,4.625282,1.0516586259700663e-149,4.1796324580783307e-147,0.5986261040235525,0.05778798316111749
0,PRRX1,25.923626,2.7139606,3.607285176634357e-148,1.3959244348002163e-145,0.7762512266928361,0.2675086107921929
0,A2M,25.787216,3.17726,1.2336819543558719e-146,4.651613625334127e-144,0.6977428851815506,0.1752774588595484
0,PTRF,25.61703,3.07915,9.857214288033808e-145,3.6237584026384285e-142,0.6702649656526006,0.18369690011481057
0,MYH11,25.592867,5.9406157,1.8316462321203523e-144,6.569355571543849e-142,0.5642787046123651,0.02104860313815538
0,CPE,24.539495,3.1100247,5.5993879382907514e-133,1.9148604565712905e-130,0.661432777232581,0.16685801760428626
0,EPAS1,24.483055,4.1041236,2.2385366836694128e-132,7.481291348490618e-130,0.57801766437684,0.07577497129735936
0,LPP,24.451109,2.5366616,4.8975475049137366e-132,1.600409690216811e-129,0.7173699705593719,0.2763107539226942
0,COL4A1,24.355608,2.7830062,5.056174324907218e-131,1.6163270314730576e-128,0.6810598626104023,0.2296211251435132
0,COL14A1,24.32072,2.8892622,1.1835560422838606e-130,3.7030194897413126e-128,0.6790971540726202,0.19862227324913892
0,LMOD1,23.983198,6.2008185,4.164197579217498e-127,1.2757192792165272e-124,0.5230618253189402,0.015690776884806735
0,SEPT7,23.821358,1.8422838,2.0066215470296611e-125,6.021912214096157e-123,0.8900883218842002,0.5331037122081899
0,MEF2C,23.786278,2.8560088,4.631870045558202e-125,1.3622329803986672e-122,0.6722276741903828,0.20321469575200918
0,TINAGL1,23.730982,6.1495905,1.727151330286443e-124,4.97995300232591e-122,0.5181550539744848,0.01722158438576349
0,PDGFRB,22.963358,2.7824671,1.0837005149192102e-116,3.006757749412639e-114,0.6457311089303238,0.19517795637198623
0,MYH9,22.834837,2.4848387,2.0676419230741394e-115,5.630495273852819e-113,0.7163886162904809,0.2632988901645618
0,PRKCDBP,22.748756,2.6221366,1.4762488314718642e-114,3.946952557598866e-112,0.6516192345436702,0.2158438576349024
1,B2M,41.225384,0.7592435,0.0,0.0,1.0,0.9927483683828862
1,RPS29,39.244587,0.87249094,0.0,0.0,0.9988558352402745,0.9796954314720813
1,CD52,38.447956,4.8846383,0.0,0.0,0.9118993135011442,0.16860043509789702
1,RPS27,38.306717,0.6578377,0.0,0.0,1.0,0.9978245105148659
1,TMSB4X,37.85525,0.6346455,0.0,0.0,1.0,0.9931109499637418
1,MALAT1,37.3185,0.6283897,8.224907887140125e-305,2.0157878413399254e-301,1.0,0.990572878897752
1,IL32,36.763817,5.0337787,6.994141649305457e-296,1.469269327900525e-292,0.8707093821510298,0.14249456127628715
1,RPL41,36.60266,0.64855564,2.594488404572209e-293,4.768993998654291e-290,1.0,0.9887599709934736
1,RPL13,36.495125,0.7007563,1.3250559161540682e-291,2.1649941385606193e-288,0.9954233409610984,0.9833212472806382
1,RPL28,36.444096,0.89080673,8.532114565182559e-291,1.2546474468100952e-287,0.9874141876430206,0.9467005076142132
1,RPL34,35.96389,0.6537617,3.0704442906527783e-283,4.104625754004464e-280,1.0,0.9902102973168962
1,RPL21,35.908844,0.6498343,2.2230398121836558e-282,2.7241500365133883e-279,1.0,0.9912980420594634
1,RPS15,35.466637,0.6939879,1.6073584127127548e-275,1.818169650687774e-272,0.9988558352402745,0.9833212472806382
1,RPS28,35.398136,0.73687565,1.824079935580183e-274,1.9159353894790423e-271,0.9977116704805492,0.9735315445975344
1,RPS18,35.276478,0.62113994,1.3476865335118768e-272,1.3211820316861431e-269,1.0,0.9909354604786077
1,RPL39,35.11997,0.64107203,3.3417904374552216e-270,3.0713142739236894e-267,0.9988558352402745,0.9862218999274837
1,RPL10,35.027424,0.6082569,8.605420814689021e-269,7.443689004706003e-266,0.9988558352402745,0.9912980420594634
1,RPS14,34.95378,0.69626266,1.1345550031087881e-267,9.268684067063738e-265,0.994279176201373,0.9778825235678028
1,RPS2,34.884205,0.67807436,1.2905919627611838e-266,9.988502532843793e-264,0.9977116704805492,0.981145757795504
1,RPL13A,34.568558,0.59562707,7.50151680581178e-262,5.51549023147311e-259,0.9954233409610984,0.9898477157360406
1,RPLP1,34.125755,0.6166355,3.061318338555946e-255,2.143651722307866e-252,0.9965675057208238,0.9880348078317621
1,RPS19,33.945744,0.7425828,1.409626747511754e-252,9.422073328254701e-250,0.9931350114416476,0.9702683103698332
1,RPL32,33.71155,0.6405588,3.9150015467478686e-249,2.503047728040322e-246,0.994279176201373,0.9851341551849166
1,RPS15A,33.5913,0.7499817,2.2475110036431035e-247,1.3770687211904931e-244,0.977116704805492,0.9510514865844815
1,RPS27A,33.531425,0.62636733,1.679546118566653e-246,9.879090269409052e-244,0.9919908466819222,0.9793328498912255
1,RPLP2,33.27847,0.6579345,7.911939745598754e-243,4.4748105368857564e-240,0.977116704805492,0.9702683103698332
1,RPL18A,33.200344,0.68818265,1.0643665793779905e-241,5.796855759167908e-239,0.982837528604119,0.9677302393038434
1,CD3D,32.44795,5.317326,5.7901339844036e-231,3.040854294309105e-228,0.7597254004576659,0.08049311094996374
1,RPL36,32.368637,0.7484251,7.585984891938861e-230,3.84661751158486e-227,0.971395881006865,0.9474256707759245
1,RPL11,32.098576,0.6399241,4.615082507085361e-226,2.2621596088896742e-223,0.9725400457665904,0.9630166787527193
1,RPS3,32.059673,0.8312018,1.609623434046116e-225,7.635326644402625e-223,0.965675057208238,0.9205946337926033
1,BTG1,31.923523,1.9286427,1.2595129370119146e-223,5.787855543362564e-221,0.8832951945080092,0.630891950688905
1,HLA-B,31.59229,0.99266326,4.711466271473523e-219,2.099457924909641e-216,0.9530892448512586,0.8694706308919506
1,RPS26,31.314884,0.8889964,2.926868610655854e-215,1.2658706741086567e-212,0.9416475972540046,0.8868745467730239
1,TMSB10,31.19567,0.5769923,1.2197494751544534e-213,5.124690294898924e-211,0.9759725400457666,0.9662799129804206
1,CXCR4,30.996275,3.7239492,6.050976621809332e-211,2.471655867325173e-208,0.7883295194508009,0.2128353879622915
1,S100A4,30.948486,0.8376911,2.6626582293071123e-210,1.0582267368097591e-207,0.9508009153318078,0.9013778100072516
1,RPL27A,30.946932,0.579821,2.794044964809323e-210,1.081221873882134e-207,0.9839816933638444,0.9738941261783901
1,MT-CO1,30.636337,0.48672873,4.018503312768529e-206,1.515181826006698e-203,0.9977116704805492,0.9883973894126178
1,RPL19,30.418139,0.6442799,3.16226525357061e-203,1.1341734281403859e-200,0.9794050343249427,0.9593908629441624
1,RPS25,30.281618,0.625458,2.0016454976967382e-201,7.008142153245365e-199,0.9736842105263158,0.9604786076867295
1,RPL3,30.279324,0.6113083,2.1458616091056996e-201,7.3383476655579795e-199,0.977116704805492,0.9612037708484409
1,RPS12,30.221262,0.5861949,1.2451476170112422e-200,4.161339933670527e-198,0.9759725400457666,0.9662799129804206
1,TSC22D3,29.85529,1.929502,7.494977320285631e-196,2.4491920332177822e-193,0.8558352402745996,0.59680928208847
1,RPS4X,29.84265,0.65458006,1.0935222106995875e-195,3.4957052409429203e-193,0.9691075514874142,0.9445250181290791
1,ZFP36L2,29.741833,2.1808848,2.211675557698577e-194,6.919721079990973e-192,0.8352402745995423,0.5199419869470631
1,CD2,29.70674,5.100857,6.284119202387456e-194,1.9251661014814073e-191,0.6990846681922197,0.0775924583031182
1,RPL30,29.641403,0.7239699,4.377204359395581e-193,1.313607961324735e-190,0.9496567505720824,0.9195068890500363
1,RPL12,29.60111,0.5223796,1.4458861858084413e-192,4.252351272462626e-190,0.9759725400457666,0.9728063814358231
1,RPL23A,29.46224,0.5646937,8.775009207568252e-191,2.530127654848846e-188,0.9622425629290617,0.9590282813633068
10,TFF3,11.542153,10.85732,8.08744926558269e-31,1.1892594145039345e-26,1.0,0.0039029829941455256
10,CCL21,11.185818,7.7058067,4.784739685788274e-29,3.5179798539758284e-25,0.9777777777777777,0.03429049344856426
10,PROX1,10.25335,10.802495,1.1431111174566011e-24,5.603149660733106e-21,0.8888888888888888,0.002230275996654586
10,MMRN1,9.988066,10.642141,1.7190403673647212e-23,6.319622150524556e-20,0.8666666666666667,0.0019514914970727628
10,GNG11,9.944507,4.3290296,2.6649085952898804e-23,7.837496178747538e-20,0.9333333333333333,0.19124616671313074
10,CLDN5,9.712194,9.506834,2.6751419769406916e-22,6.556327128485478e-19,0.8444444444444444,0.004460551993309172
10,TFPI,9.639883,4.002789,5.424970805490432e-22,1.1396313670676687e-18,0.9555555555555556,0.2132701421800948
10,RAMP2,9.526016,6.7410903,1.6343558499356411e-21,3.0041503466629503e-18,0.8444444444444444,0.027042096459436855
10,ECSCR,9.427026,8.66412,4.2188240393945954e-21,6.893089722144169e-18,0.8222222222222222,0.005575689991636465
10,ARL4A,9.15845,4.536545,5.2647843671166435e-20,7.741865411845024e-17,0.8888888888888888,0.12824086980763869
10,PTPRE,8.289927,4.0185432,1.1331882632450259e-16,1.5148666737289187e-13,0.8444444444444444,0.1485921382771118
10,PPFIBP1,8.270615,4.579344,1.3327035949968112e-16,1.6331171970356756e-13,0.7777777777777778,0.08670197936994703
10,RAB11A,7.9872336,3.4441445,1.3800040176097621e-15,1.5609968522270425e-12,0.8666666666666667,0.2049066071926401
10,PCAT19,7.8759413,8.016096,3.38187207392068e-15,3.5521734890716858e-12,0.6888888888888889,0.005018120992472818
10,APP,7.7715154,3.0315154,7.755278617385423e-15,6.63583339734169e-12,0.8888888888888888,0.2773905770839141
10,RASGRP3,7.7656503,6.5190644,8.12274744319282e-15,6.63583339734169e-12,0.6888888888888889,0.014775578477836632
10,SDPR,7.74877,4.130057,9.278666878012068e-15,7.181199812693024e-12,0.7777777777777778,0.10426540284360189
10,ARHGAP29,7.707286,3.4547153,1.2852156137687806e-14,9.449547800234959e-12,0.8222222222222222,0.18762196821856705
10,SPTBN1,7.511022,3.2753375,5.866741720260013e-14,4.1081160474487375e-11,0.8222222222222222,0.20574296069138556
10,SMAD1,7.449082,5.826313,9.399203167367712e-14,6.2825128443701e-11,0.6666666666666666,0.02982994145525509
10,MTUS1,7.430199,4.323457,1.0843412838989114e-13,6.932712425971084e-11,0.7111111111111111,0.08614441037078338
10,PECAM1,7.3991575,4.965844,1.3705107951486596e-13,8.397233851108766e-11,0.6888888888888889,0.045720657931419016
10,SOX4,7.262188,2.8415973,3.808787104933481e-13,2.2403285751218736e-10,0.8888888888888888,0.31669919152495124
10,LIMS1,7.171852,2.7415748,7.398981318152001e-13,4.184693087824045e-10,0.8222222222222222,0.3116810705324784
10,ITGA6,7.150252,5.8199654,8.661891605674772e-13,4.717522817090649e-10,0.6444444444444445,0.02146640646780039
10,TIE1,7.139523,8.38861,9.365533713835563e-13,4.918577616498284e-10,0.6222222222222222,0.0036241984945637024
10,TM4SF1,7.0252266,4.5190115,2.1371917016087224e-12,1.0837035852467677e-09,0.6666666666666666,0.0755505993866741
10,EGFL7,6.988749,6.1676483,2.7734815528752407e-12,1.359468207834347e-09,0.6222222222222222,0.017563423473654863
10,HSPB1,6.9788785,2.557158,2.9754552426335847e-12,1.411421591707318e-09,0.9333333333333333,0.38388625592417064
10,NRP2,6.9092135,4.6713047,4.8734798956163255e-12,2.2395163082824393e-09,0.6444444444444445,0.05798717591301924
10,TSPAN5,6.7634463,4.3205986,1.347474290743448e-11,5.50405817927289e-09,0.6444444444444445,0.05965988291051018
10,CNKSR3,6.6578755,5.4959497,2.7781346433083578e-11,1.1041208089148487e-08,0.6,0.026763311959855034
10,CD9,6.6043754,2.3212328,3.9919710265806764e-11,1.5051777934838166e-08,0.9111111111111111,0.42598271536102594
10,AKAP12,6.4841423,3.5975325,8.923797895096688e-11,3.2806112011849196e-08,0.6666666666666666,0.10649567884025649
10,S100A16,6.441156,3.4632854,1.1856696982006697e-10,4.252505588302646e-08,0.6666666666666666,0.11458042932812935
10,WWTR1,6.4338603,3.4606118,1.2440310383805715e-10,4.284445574995147e-08,0.6666666666666666,0.11848341232227488
10,HYAL2,6.4327874,5.5992856,1.252847056951998e-10,4.284445574995147e-08,0.5777777777777777,0.024533035963200445
10,EFNA5,6.403677,5.399974,1.5167881994410852e-10,4.9565267717291465e-08,0.5777777777777777,0.0275996654586005
10,ELK3,6.3275747,3.2094462,2.4904436057392865e-10,7.961298526607871e-08,0.6888888888888889,0.14357401728463898
10,UTRN,6.290382,2.6957371,3.166859075677222e-10,9.701804730798655e-08,0.8,0.2383607471424589
10,SNCG,6.206555,4.788868,5.415868573876568e-10,1.6253132118133659e-07,0.5777777777777777,0.04042375243936437
10,RAB11FIP1,6.1637115,3.3537996,7.105928073932285e-10,2.089853446543485e-07,0.6666666666666666,0.10984109283523837
10,GYPC,6.1022005,2.9127145,1.0461806239789253e-09,3.0164874658059017e-07,0.7111111111111111,0.16727069974909395
10,MARCKSL1,6.080242,3.5094948,1.200010266800093e-09,3.3029743303123264e-07,0.6222222222222222,0.10119877334820183
10,TIMP3,6.0785255,2.5069427,1.2129249495876615e-09,3.3029743303123264e-07,0.8888888888888888,0.33258990800111515
10,ADD3,6.052562,2.8571908,1.4255983299796957e-09,3.8115315349729865e-07,0.7111111111111111,0.18901589071647618
10,LYVE1,6.0454097,6.796988,1.4903067753071394e-09,3.913385916230622e-07,0.5333333333333333,0.008363534987454697
10,SEMA6A,6.0230227,6.3647065,1.711895211292789e-09,4.4163893126421866e-07,0.5333333333333333,0.010872595483691107
10,SULF2,5.9401255,3.3279805,2.848039770354202e-09,7.09837708865399e-07,0.6222222222222222,0.11485921382771118
10,IGF1,5.8602324,3.014949,4.6221979735758214e-09,1.078879701610039e-06,0.6888888888888889,0.15333147477000278
11,IFI27,8.951386,5.4467416,3.510464555556462e-19,5.162138128945777e-15,0.967741935483871,0.12524298805887255
11,PECAM1,8.826675,6.65599,1.078332029704169e-18,7.928436248399901e-15,0.9354838709677419,0.04609830602610386
11,GNG11,8.145067,4.3253617,3.7907133049688226e-16,1.8580813049855513e-12,0.9032258064516129,0.19439044709802833
11,PLVAP,8.0520935,13.920476,8.138984682271833e-16,2.992094243820182e-12,0.8387096774193549,0.00027770063871146905
11,AQP1,8.009864,4.410431,1.1483568043379348e-15,3.3773173615578664e-12,0.9032258064516129,0.18106081643987781
11,TM4SF1,7.5745807,5.322225,3.602899119609091e-14,8.83010525897528e-11,0.8387096774193549,0.07636767564565398
11,CLEC14A,7.4092746,8.71759,1.269923064825644e-13,2.667745524037299e-10,0.7741935483870968,0.007497917245209664
11,CD93,7.37986,5.63293,1.5845619861251437e-13,2.9126230007462797e-10,0.8064516129032258,0.052207720077756176
11,TCF4,7.3418446,2.870036,2.1066985424065502e-13,3.44211134067648e-10,0.9354838709677419,0.4140516523188003
11,ARHGAP29,6.79931,3.757219,1.0512115554825752e-11,1.2307174262207408e-08,0.8064516129032258,0.19022493751735628
11,RGCC,6.7912254,3.6094937,1.1118486191900268e-11,1.2307174262207408e-08,0.8709677419354839,0.2313246320466537
11,COL15A1,6.783657,3.9893239,1.1717132925596988e-11,1.2307174262207408e-08,0.8064516129032258,0.16106637045265204
11,HSPG2,6.654474,4.6513443,2.843150574714569e-11,2.7872352800785156e-08,0.7419354838709677,0.09663982227159122
11,SPRY1,6.6407127,3.4803314,3.1216978248629706e-11,2.8690354071631238e-08,0.8387096774193549,0.22521521799500138
11,SPTBN1,6.6143947,3.5304463,3.7307547559826285e-11,3.13768414097692e-08,0.8064516129032258,0.20827547903360177
11,RAMP2,6.610094,6.108005,3.840755833905784e-11,3.13768414097692e-08,0.7096774193548387,0.031380172174396
11,COL4A2,6.4636235,2.745926,1.0222490631317806e-10,7.91166972281728e-08,0.9032258064516129,0.37989447375728963
11,A2M,6.351384,2.962966,2.1338615016649886e-10,1.5689216690991828e-07,0.8709677419354839,0.31713412940849767
11,ITGA6,6.314229,6.2311397,2.715117628227653e-10,1.9012287963375063e-07,0.6774193548387096,0.02360455429047487
11,CD34,6.2731175,5.800968,3.538898030885265e-10,2.3654316156439918e-07,0.6774193548387096,0.03332407664537628
11,PALMD,6.246283,5.545959,4.2033493937093444e-10,2.6750644756055356e-07,0.6774193548387096,0.04165509580672035
11,SPARCL1,6.240349,2.9524279,4.3659671822191674e-10,2.6750644756055356e-07,0.9032258064516129,0.34934740349902804
11,EDN1,6.1820354,9.598945,6.328022985369883e-10,3.6201721227248786e-07,0.6451612903225806,0.0033324076645376284
11,VWF,6.1802297,9.900884,6.400848363879418e-10,3.6201721227248786e-07,0.6451612903225806,0.0019439044709802832
11,COL4A1,6.1465144,2.7667112,7.920402606960061e-10,4.25998324607965e-07,0.8709677419354839,0.3518467092474313
11,NFIB,5.8182244,3.0844595,5.947595180095877e-09,3.015840935286547e-06,0.7741935483870968,0.2321577339627881
11,ENG,5.7932825,4.755267,6.9023870328402115e-09,3.38332004393051e-06,0.6451612903225806,0.0672035545681755
11,ADGRL4,5.557278,9.117643,2.7401364423963285e-08,1.2997969801754196e-05,0.5806451612903226,0.0027770063871146904
11,PTRF,5.528122,2.609977,3.236772395349785e-08,1.487398064800581e-05,0.8387096774193549,0.3157456262149403
11,UACA,5.495439,3.0017905,3.897395428510638e-08,1.736703023522695e-05,0.7419354838709677,0.21355179116911968
11,CAV1,5.483054,2.3419843,4.180453639380527e-08,1.808046199032078e-05,0.8709677419354839,0.4273812829769508
11,SPARC,5.4641323,2.1833518,4.651763200473897e-08,1.9544050817991045e-05,1.0,0.5645653985004165
11,ACTN4,5.4311056,2.5633833,5.600599245903238e-08,2.2876892197501977e-05,0.8387096774193549,0.3312968619827826
11,PRSS23,5.273368,3.010939,1.3394253370079414e-07,5.323310697486967e-05,0.6774193548387096,0.20133296306581505
11,FLT1,5.2398252,8.56145,1.607287437072482e-07,6.219779411092327e-05,0.5483870967741935,0.0033324076645376284
11,EMCN,5.2324286,8.26549,1.6729728352863261e-07,6.307965523816776e-05,0.5483870967741935,0.0038878089419605664
11,TM4SF18,5.2160873,7.6410036,1.8274216835534754e-07,6.718058964163464e-05,0.5483870967741935,0.005554012774229381
11,ECSCR,5.163623,6.613589,2.422156464214285e-07,8.687270928358794e-05,0.5483870967741935,0.011108025548458762
11,APP,5.0872483,2.5113769,3.632962374205385e-07,0.00012719693264926234,0.7419354838709677,0.2810330463760067
11,ELK3,4.9989185,3.210074,5.765271230598122e-07,0.00019267798510442133,0.6451612903225806,0.1460705359622327
11,ESAM,4.992124,3.9378211,5.971886545095262e-07,0.00019514798143472405,0.5806451612903226,0.08692029991668981
11,CRIP2,4.9424977,2.9842477,7.712795495722424e-07,0.0002465579516621701,0.6451612903225806,0.1821716189947237
11,SOX18,4.905945,7.427279,9.297870501613735e-07,0.0002848441369296458,0.5161290322580645,0.006387114690363788
11,INSR,4.8555446,4.369872,1.2005642993138246e-06,0.00036029179635530185,0.5483870967741935,0.0663704526520411
11,CRIM1,4.719051,2.856535,2.3694767084391473e-06,0.000672046332873195,0.6451612903225806,0.18883643432379896
11,S100A16,4.685594,3.3522258,2.7914924307424487e-06,0.0007745074753597681,0.5806451612903226,0.1174673701749514
11,CCDC85B,4.6469765,2.7742724,3.368353087764756e-06,0.0009005751301014679,0.6451612903225806,0.18272702027214663
11,CTGF,4.5994143,2.4633267,4.236798918909362e-06,0.0011093803253306575,0.6774193548387096,0.27575673424048874
11,MYH9,4.5963182,2.0877922,4.300216153950865e-06,0.0011093803253306575,0.8064516129032258,0.38683698972507635
11,PODXL,4.578085,6.8221936,4.69252584032513e-06,0.0011480655832799753,0.4838709677419355,0.009441821716189947
12,TYRP1,8.92777,8.602718,4.34684642485124e-19,3.4995672521242867e-15,0.9655172413793104,0.018318068276436304
12,MLANA,8.917724,8.674932,4.759697044711713e-19,3.4995672521242867e-15,0.9655172413793104,0.017485428809325562
12,CDK4,8.757794,5.599768,1.9910769272047833e-18,9.759595404848779e-15,0.9655172413793104,0.12267554815431585
12,PMEL,8.295342,9.086864,1.0827323836154586e-16,3.7057849631714575e-13,0.896551724137931,0.009991673605328892
12,DCT,8.277295,8.758048,1.2600424900276972e-16,3.7057849631714575e-13,0.896551724137931,0.012489592006661115
12,KRAS,7.1417,4.6079445,9.21836926434738e-13,1.6944515004028526e-09,0.8275862068965517,0.14904246461282264
12,QPCT,7.0524454,5.1956425,1.7580051495968085e-12,2.872385080535674e-09,0.7931034482758621,0.09436580627255066
12,SDCBP,6.805484,2.9809737,1.007101174369464e-11,1.4809422769102967e-08,0.9310344827586207,0.379406050513461
12,C4orf48,6.7466326,3.6713912,1.513155653868645e-11,1.733763825550693e-08,0.8620689655172413,0.225090202608937
12,CRNDE,6.7447658,4.024853,1.5327391861379807e-11,1.733763825550693e-08,0.8275862068965517,0.15709131279489313
12,APOD,6.072956,4.046341,1.2557663306870145e-09,1.23106959285017e-06,0.7586206896551724,0.13294476824868165
12,FABP5,5.9074264,3.4436545,3.4749349789452425e-09,2.8388288258549884e-06,0.7931034482758621,0.19539272828198723
12,TFAP2A,5.6131706,6.1666317,1.9865238719497925e-08,1.3910396922391285e-05,0.6206896551724138,0.020815986677768527
12,TSFM,5.552186,5.720143,2.8211908326053708e-08,1.885709599702817e-05,0.6206896551724138,0.02858728837080211
12,LYRM5,5.5148487,4.2949452,3.490805666519035e-08,2.231839014180974e-05,0.6551724137931034,0.0993616430752151
12,EDNRB,5.396702,4.8160524,6.787708571476789e-08,4.158885605981924e-05,0.6206896551724138,0.06106022758812101
12,NOV,5.292779,5.9816523,1.204715918761614e-07,6.561239846440568e-05,0.5862068965517241,0.02331390507910075
12,PYURF,5.244862,2.4355948,1.5639911707772967e-07,8.213746487957196e-05,0.8275862068965517,0.3585900638356925
12,PLP1,5.011058,6.2690296,5.413161193662604e-07,0.0002341192216259076,0.5517241379310345,0.017762975298362477
12,APOE,5.0043907,3.0273411,5.603905052437995e-07,0.0002354440679888592,0.7241379310344828,0.18512350818762144
12,UBB,4.9579854,1.3766177,7.122797087646983e-07,0.00029094647548291356,0.9310344827586207,0.7210657785179018
12,UQCRQ,4.938783,1.7759416,7.861160452045283e-07,0.000304206222229805,0.8620689655172413,0.5478767693588676
12,MITF,4.8237476,3.9363368,1.408855541546196e-06,0.0004932671604389717,0.5862068965517241,0.08770469053566472
12,SOX4,4.8136134,2.3815064,1.4822550407798674e-06,0.0005068967528992546,0.7241379310344828,0.3205661948376353
12,MYO10,4.7784095,4.700754,1.7668743346036444e-06,0.0005711761898844378,0.5517241379310345,0.042464612822647796
12,RAN,4.7718306,2.273436,1.8255886381889546e-06,0.0005711761898844378,0.7931034482758621,0.3469331112961421
12,H2AFZ,4.7341375,2.1181657,2.1998844722859853e-06,0.0006601898196931717,0.8275862068965517,0.4432417429919511
12,TSPAN31,4.716447,4.444312,2.399991947866212e-06,0.000705837631867453,0.5517241379310345,0.05939494865389953
12,LGALS1,4.7086234,1.0670118,2.493951252830972e-06,0.000718688317799486,0.9655172413793104,0.8165417707466001
12,SMDT1,4.7040896,2.5614111,2.550010652075608e-06,0.000718688317799486,0.7241379310344828,0.2650568970302526
12,CDKN2A,4.7008896,6.382394,2.590308115836298e-06,0.000718688317799486,0.5172413793103449,0.012489592006661115
12,MARCKSL1,4.6329703,3.560921,3.6045581419441824e-06,0.0009812669985219578,0.5862068965517241,0.10380238689980571
12,NDUFA6,4.6143017,2.5265472,3.944190038649139e-06,0.0010357020449702783,0.6896551724137931,0.257285595337219
12,CD59,4.6095014,2.0075169,4.036361488213275e-06,0.0010413104505995828,0.7931034482758621,0.42298084929225643
12,UQCR10,4.5828314,2.2826507,4.587216010098263e-06,0.0011630174384223268,0.7586206896551724,0.33721898417985013
12,RANBP1,4.5459385,2.5179596,5.4691017120646355e-06,0.001340385677931841,0.6896551724137931,0.263669164585068
12,RPS27L,4.5147347,1.9401689,6.339601522738975e-06,0.0015282596785553546,0.7931034482758621,0.4482375797946156
12,RPS21,4.5047784,0.958213,6.644229485628197e-06,0.001575861203002623,1.0,0.8720510685539828
12,HSPB1,4.4807754,2.0858946,7.437230994592882e-06,0.0017188135920357015,0.7586206896551724,0.3877324451845684
12,LGALS3,4.420591,1.7816476,9.843137437887494e-06,0.0021930808488505394,0.7586206896551724,0.45351096308631694
12,NME1,4.3431597,3.4856455,1.4044785055348738e-05,0.003027279305149855,0.5517241379310345,0.09297807382736609
12,RPLP0,4.3406706,1.098235,1.4204846790570553e-05,0.003027279305149855,1.0,0.8306966416874827
12,POLR2F,4.3100004,2.675064,1.6325413955882116e-05,0.0033652034151734726,0.6206896551724138,0.21204551762420204
12,PRKD3,4.3079557,3.3970537,1.6477024542161853e-05,0.0033652034151734726,0.5517241379310345,0.09408825978351373
12,EIF3L,4.286976,2.1156068,1.8112208626603154e-05,0.0036484935322493067,0.7241379310344828,0.35165140160976965
12,FTH1,4.2610173,0.6042022,2.034985598329129e-05,0.004043846381544573,1.0,0.9619761310019428
12,SNCA,4.253461,5.0647426,2.1049180345582013e-05,0.00412704262642378,0.4827586206896552,0.031085206772134333
12,RPSA,4.2389703,1.1241663,2.2454739776039674e-05,0.004288272057229395,0.9655172413793104,0.7857341104635026
12,TRIB2,4.234881,3.8271358,2.286728615817957e-05,0.0043110697814875715,0.5172413793103449,0.061337774077157924
12,TIMM13,4.200388,2.4489365,2.66457833203861e-05,0.004959825869952882,0.6551724137931034,0.23369414376908132
13,KRT19,7.1374254,9.656966,9.509510799921882e-13,1.3983735631285127e-08,0.9047619047619048,0.004707837164220438
13,FXYD3,6.572563,6.635392,4.945636175572109e-11,2.73252123974567e-07,0.8571428571428571,0.03600110772639158
13,DBI,6.554719,3.3535473,5.574677809749752e-11,2.73252123974567e-07,0.9523809523809523,0.3846579894765993
13,AQP5,6.39652,10.674414,1.5895810517895742e-10,5.843697341641421e-07,0.8095238095238095,0.001938521185267239
13,KRT18,6.2702527,6.4826117,3.604621469453732e-10,1.0601191741663426e-06,0.8095238095238095,0.034062586541124346
13,C2orf82,6.0252323,12.048448,1.6886691607322247e-09,3.887370784143227e-06,0.7619047619047619,0.0008307947936859596
13,S100A1,6.010414,9.625521,1.8504995232235693e-09,3.887370784143227e-06,0.7619047619047619,0.003600110772639158
13,GAPDH,5.943837,1.7635742,2.784264308514102e-09,4.575329277482224e-06,1.0,0.7477153143173636
13,KRT7,5.942898,7.893174,2.8002695339911606e-09,4.575329277482224e-06,0.7619047619047619,0.009415674328440876
13,COX7C,5.8396926,1.8316182,5.229715555352472e-09,7.69029672414581e-06,1.0,0.7225145389088895
13,COX5B,5.6633363,2.4200926,1.484576926726962e-08,1.9846094279563614e-05,0.9523809523809523,0.5109387981168652
13,PDCD4,5.635996,3.6722467,1.7404946029602457e-08,2.0865237865792114e-05,0.8571428571428571,0.21739130434782608
13,PPP1R1B,5.625978,9.137586,1.844597703198215e-08,2.0865237865792114e-05,0.7142857142857143,0.0030462475768485184
13,COX7A1,5.477797,3.4695675,4.3065388557343186e-08,4.5234038481123684e-05,0.8095238095238095,0.22376073109941844
13,CHCHD10,5.408298,3.7527497,6.362652210157249e-08,5.847675046897646e-05,0.8095238095238095,0.16200498476876213
13,LDHA,5.3657217,2.402827,8.062607087061248e-08,6.974155130307979e-05,0.8571428571428571,0.47382996399889227
13,NDRG2,5.2896485,4.038867,1.225515318626406e-07,0.00010011779311334055,0.7619047619047619,0.12074217668235945
13,SMIM22,5.26763,10.545101,1.3819613383714956e-07,0.00010160870740376421,0.6666666666666666,0.0008307947936859596
13,KRT8,5.137085,6.1226115,2.790331722484834e-07,0.00019538965704352137,0.6666666666666666,0.026031570202160067
13,NCALD,4.9042735,4.7832365,9.3773803497374e-07,0.0005745599085120353,0.6666666666666666,0.06064801993907505
13,CLDN10,4.8911247,10.309722,1.0026129676210906e-06,0.0005897369475547254,0.6190476190476191,0.0013846579894765993
13,CA6,4.8781853,9.163788,1.0706638655218827e-06,0.000605542774711511,0.6190476190476191,0.0024923843810578787
13,SAT1,4.804721,2.484468,1.5496765436665767e-06,0.000813856913379179,1.0,0.4633065632788701
13,COX6B1,4.749831,2.0157216,2.0358660992424304e-06,0.0010323245168744805,0.9523809523809523,0.5566325117695929
13,TESC,4.681167,5.5806003,2.8524659606205452e-06,0.0013981837316975037,0.6190476190476191,0.026862364995846027
13,MRAS,4.6473565,5.14847,3.362157404121579e-06,0.0015948556331486393,0.6190476190476191,0.03572417612849626
13,ADIRF,4.608537,2.1566975,4.055116877601731e-06,0.0018634529276604203,0.9047619047619048,0.5109387981168652
13,PHB,4.5878754,3.8317513,4.477797534076642e-06,0.0019658908598512315,0.6666666666666666,0.09886458044862918
13,QDPR,4.584745,4.830971,4.545412392719611e-06,0.0019658908598512315,0.6190476190476191,0.046247576848518414
13,ATP1B1,4.5665874,4.715471,4.957283877845335e-06,0.0020827674121061614,0.6190476190476191,0.06729437828856273
13,PPA1,4.556987,3.2090414,5.189264985668775e-06,0.0021196706003960924,0.7142857142857143,0.18748269177513155
13,AKR1C1,4.541334,4.527593,5.589939029250153e-06,0.0022216230655438783,0.6190476190476191,0.06923289947382996
13,COX8A,4.532777,2.1842659,5.8213244766803495e-06,0.0022526993797259086,0.8571428571428571,0.44724453060094155
13,USMG5,4.515037,1.8678637,6.330569088767541e-06,0.002386949191034018,0.9047619047619048,0.5607864857380227
13,KRT15,4.505228,9.077023,6.6301747635366865e-06,0.002410906246016296,0.5714285714285714,0.0024923843810578787
13,SFRP1,4.502306,4.3961663,6.722009934489502e-06,0.002410906246016296,0.6190476190476191,0.07615618942121297
13,ZG16B,4.4947925,8.376319,6.96377846733627e-06,0.002438151484813806,0.5714285714285714,0.003600110772639158
13,MIF,4.4752784,2.8769388,7.631173454741452e-06,0.0026070213759546296,0.7619047619047619,0.24203821656050956
13,COX7A2,4.470583,1.7118267,7.800675997416096e-06,0.0026070213759546296,0.9523809523809523,0.6239268900581556
13,PEBP1,4.407971,1.9904515,1.0434351585022647e-05,0.0034097142235057338,0.8571428571428571,0.49432290224314596
13,COX7B,4.353916,1.8587327,1.3372685021884191e-05,0.004274898548843631,0.8571428571428571,0.528108557186375
13,CAMK2N1,4.3380547,3.9303226,1.4374948303275637e-05,0.004497523719141878,0.6190476190476191,0.08695652173913043
13,NDUFB7,4.3251147,2.2515016,1.5245245713463303e-05,0.004670444546176622,0.8571428571428571,0.4012738853503185
13,SLC12A2,4.2862954,4.969938,1.8167728394438997e-05,0.005452172368167866,0.5714285714285714,0.0628634727222376
13,TPD52L1,4.2747126,4.974116,1.9138423594768696e-05,0.005555859546147608,0.5714285714285714,0.0404320132927167
13,HIF1A,4.271477,3.0632548,1.9418221409819914e-05,0.005555859546147608,0.6666666666666666,0.19689836610357242
13,UQCRB,4.2688684,1.1936806,1.9646698157067367e-05,0.005555859546147608,0.9523809523809523,0.7762392689005816
13,NDUFB4,4.1852818,2.1987972,2.8481242374016142e-05,0.007902201303960516,0.8095238095238095,0.38327333148712267
13,ATP5L,4.169003,1.5644608,3.05935173156782e-05,0.0081795940386736,1.0,0.7025754638604265
13,HSPA9,4.149071,3.0906909,3.338266290492632e-05,0.008765929607445384,0.6666666666666666,0.15508169482137912
2,DCN,30.610855,3.8985083,8.776447479547113e-206,1.2905766018674029e-201,0.9914893617021276,0.3134092346616066
2,CXCL14,29.68716,4.543802,1.1247406923117703e-193,8.26965594022229e-190,0.9170212765957447,0.20113851992409867
2,FBLN1,27.814499,5.228751,2.8969342918259896e-170,1.419980625376706e-166,0.8382978723404255,0.08444022770398482
2,VCAN,27.51452,4.214285,1.1768995074667621e-166,4.326576814324684e-163,0.8893617021276595,0.17014547754585704
2,CCDC80,26.927198,3.3282332,1.055190139577457e-159,3.103314200497301e-156,0.9170212765957447,0.31688804554079697
2,CFD,26.473293,4.044937,1.968163529949174e-154,4.8236407846504337e-151,0.8617021276595744,0.18975332068311196
2,MMP2,25.987286,4.0693154,6.89513680134365e-149,1.448471238053691e-145,0.8680851063829788,0.17172675521821631
2,PLAC9,25.390863,3.2597349,3.181560991795979e-142,5.8481067980449835e-139,0.9170212765957447,0.28779253636938645
2,LUM,24.891207,3.2803402,9.264290703847462e-137,1.5136821644452992e-133,0.9382978723404255,0.32289690069576216
2,IGFBP4,24.83025,3.3142765,4.22691386870095e-136,6.215676843924746e-133,0.8702127659574468,0.2666034155597723
2,COL6A3,24.741428,3.2527263,3.8340743308488095e-135,5.125460275921068e-132,0.9212765957446809,0.3058191018342821
2,MFAP5,24.492579,5.800957,1.772167532439934e-132,2.1716436303774356e-129,0.723404255319149,0.03984819734345351
2,C1S,23.933426,3.1979396,1.3750554261455512e-126,1.5553992339592563e-123,0.8893617021276595,0.27640733712839977
2,SFRP2,22.763731,4.1050744,1.0492694737049175e-114,9.643442256769256e-112,0.7425531914893617,0.12618595825426945
2,GSN,22.639906,2.6399007,1.7541364320576663e-113,1.5173280137298812e-110,0.8702127659574468,0.3719165085388994
2,LRP1,22.491638,3.8414438,5.011465625467409e-112,4.0940890012499025e-109,0.7425531914893617,0.13219481340923467
2,CTSK,22.26016,3.4227538,8.99248147318577e-110,6.959707371747197e-107,0.7851063829787234,0.18659076533839342
2,COL1A2,21.689434,2.321041,2.5814830365839586e-104,1.8980354026483553e-101,0.9872340425531915,0.5667299177735611
2,FSTL1,21.667652,2.9602737,4.143481668292722e-104,2.9014237110592606e-101,0.8212765957446808,0.269449715370019
2,EMP1,21.404705,3.1535933,1.2078052694003159e-101,8.073080221150747e-99,0.7723404255319148,0.2084123972169513
2,PLA2G2A,21.192911,6.149645,1.1101788440546566e-99,6.802158292426552e-97,0.6234042553191489,0.024667931688804556
2,COL15A1,21.068403,4.113053,1.5507415418089915e-98,9.121461748920488e-96,0.6787234042553192,0.09044908285895004
2,CXCL12,20.954857,3.373623,1.6944025588552387e-97,9.58314985691011e-95,0.7425531914893617,0.18184693232131563
2,TIMP1,20.533741,2.2424617,1.0756663576492656e-93,5.858397699715722e-91,0.8851063829787233,0.44465528146742567
2,SERPINF1,20.487965,2.7538147,2.7568449766114834e-93,1.4478359064668524e-90,0.8,0.280202403542062
2,CFH,20.258749,3.0903337,2.9742522057927126e-91,1.4578792895393944e-88,0.7574468085106383,0.20335230866540163
2,COL1A1,20.220232,2.3530364,6.497690330105444e-91,3.0822108485225986e-88,0.9702127659574468,0.5227703984819735
2,C1R,19.693773,2.8467104,2.4383358277924387e-86,1.0865372226572063e-83,0.774468085106383,0.24478178368121442
2,APOD,19.482332,4.5689726,1.5505571808249015e-84,6.333595373341715e-82,0.6042553191489362,0.06862745098039216
2,COL3A1,19.450132,2.2092118,2.906827387385955e-84,1.1248657034608018e-81,0.9808510638297873,0.5629348513598988
2,COL6A2,19.274473,2.5599017,8.799265820627663e-83,3.2348300973082445e-80,0.9361702127659575,0.394370651486401
2,COMP,19.136505,3.7160244,1.2540464652196318e-81,4.390655540727306e-79,0.6446808510638298,0.12428842504743833
2,MGP,19.110199,2.4470773,2.076764624431536e-81,6.940641773242213e-79,0.8702127659574468,0.3741302972802024
2,NFIB,19.08368,3.1272888,3.4508356744047305e-81,1.1276564131582568e-78,0.7106382978723405,0.16635041113219481
2,IGFBP6,19.070904,3.731292,4.406211963037772e-81,1.4085510199232705e-78,0.6340425531914894,0.10341555977229601
2,CYBRD1,18.84433,3.0821803,3.270856126248339e-79,1.005617579155652e-76,0.6808510638297872,0.16824794433902593
2,FGF7,18.844141,3.62098,3.282532730327868e-79,1.005617579155652e-76,0.648936170212766,0.105629348513599
2,FBN1,18.82797,3.0036688,4.4551313975725874e-79,1.3369940245164264e-76,0.6893617021276596,0.1888045540796964
2,THBS2,18.530844,3.4147117,1.1644619598357025e-76,3.292964061420001e-74,0.648936170212766,0.1204933586337761
2,FBLN2,18.336538,4.052564,4.228753000649741e-75,1.1104252299027579e-72,0.5851063829787234,0.07463630613535736
2,MFAP4,17.882847,3.2254822,1.6043084070672032e-71,3.805057278374713e-69,0.6404255319148936,0.1312460468058191
2,GPNMB,17.716145,2.7135613,3.147546753301706e-70,6.707923914101679e-68,0.7042553191489361,0.209044908285895
2,COL6A1,17.65045,2.4076948,1.0094861989673943e-69,2.1206420794022188e-67,0.925531914893617,0.41049968374446555
2,MXRA8,17.608633,2.8352852,2.114907257055185e-69,4.3802410161966896e-67,0.676595744680851,0.18089816571790007
2,TIMP2,17.38173,2.2026649,1.134815172939307e-67,2.224994282409668e-65,0.8297872340425532,0.3703352308665402
2,IGF1,17.271599,3.6181767,7.697909934224883e-67,1.4701008517243754e-64,0.5808510638297872,0.09740670461733081
2,ABI3BP,16.924854,4.8653464,2.9507793212311188e-64,5.356939496136247e-62,0.5127659574468085,0.033523086654016446
2,THY1,16.786345,2.5472806,3.0719330401318817e-63,5.3777113518023e-61,0.6851063829787234,0.22960151802656548
2,CLU,16.653728,3.5673037,2.843261080403872e-62,4.69777013340887e-60,0.5680851063829787,0.09740670461733081
2,S100A13,16.59824,2.7180922,7.176555740309123e-62,1.1470788278396268e-59,0.6361702127659574,0.18216318785578747
3,LYZ,28.874565,6.0874934,2.4914168729809612e-183,3.6636285117185035e-179,0.9824561403508771,0.10030395136778116
3,HLA-DPB1,28.846392,4.9764633,5.6234416721907025e-183,4.1346354894782136e-179,1.0,0.20516717325227962
3,HLA-DPA1,28.42172,5.2175555,1.090100665090883e-177,5.343310093387145e-174,1.0,0.17112462006079027
3,HLA-DRA,28.135265,5.1035695,3.6296349062501214e-174,1.3343445324102007e-170,1.0,0.20851063829787234
3,HLA-DQA1,27.801023,5.7053537,4.215867643163813e-170,1.2398866738544773e-166,0.9824561403508771,0.0911854103343465
3,HLA-DQB1,27.79111,5.152415,5.5556340816188716e-170,1.3615933195034252e-166,0.9824561403508771,0.14224924012158055
3,CD74,27.775234,4.2540812,8.64033315725769e-170,1.8150871296782046e-166,1.0,0.31550151975683893
3,HLA-DRB1,27.638887,5.1039715,3.795965226660402e-168,6.977458582255151e-165,0.9970760233918129,0.1595744680851064
3,CST3,26.67173,2.5976446,1.0019091469221362e-156,1.6370082228322234e-153,0.9941520467836257,0.572644376899696
3,HLA-DRB5,25.892254,5.426769,8.141314161173267e-148,1.1971802474005288e-144,0.9269005847953217,0.08480243161094225
3,HLA-DMA,23.864937,4.8960047,7.086238236246935e-126,9.473012114910106e-123,0.8888888888888888,0.09361702127659574
3,RP11-1143G9.4,23.817556,6.068037,2.1971885594429142e-125,2.6924714805506714e-122,0.8157894736842105,0.037993920972644375
3,CPVL,23.24099,6.1628156,1.7546818281351443e-119,1.9848150986713306e-116,0.7894736842105263,0.034650455927051675
3,HLA-DQA2,23.213356,5.433403,3.337737338852215e-119,3.505816254844416e-116,0.8187134502923976,0.05501519756838906
3,LST1,22.708174,5.138305,3.719868444554459e-114,3.646711031811555e-111,0.8128654970760234,0.06565349544072949
3,FGL2,22.535877,4.4999413,1.8473997358899457e-112,1.697875819766353e-109,0.8362573099415205,0.10364741641337386
3,HLA-DMB,22.193726,5.0183573,3.948930488820993e-109,3.415824872830159e-106,0.8011695906432749,0.06413373860182371
3,LGALS2,22.133368,7.6330028,1.508794367551452e-108,1.2326011763802279e-105,0.7339181286549707,0.01094224924012158
3,MNDA,21.956087,5.4025397,7.574811040933581e-107,5.862505071417279e-104,0.7660818713450293,0.049544072948328265
3,CLEC7A,21.855825,5.304494,6.842372614725142e-106,5.030854464976661e-103,0.7690058479532164,0.04772036474164134
3,MS4A6A,21.675972,4.9967594,3.4586289928645796e-104,2.4218637780987448e-101,0.7923976608187134,0.06808510638297872
3,CD83,21.102709,5.031922,7.510699304921613e-99,5.020219694494196e-96,0.7514619883040936,0.05623100303951368
3,TYROBP,20.520887,4.3385057,1.4013299920604228e-93,8.959372840542834e-91,0.7982456140350878,0.10699088145896657
3,FCER1G,20.229284,4.2919416,5.408180660493649e-91,3.3136373588566293e-88,0.7894736842105263,0.1006079027355623
3,COTL1,19.52076,3.4086263,7.314235059935659e-85,4.302233062254155e-82,0.8596491228070176,0.20547112462006079
3,CTSS,19.261938,3.7149286,1.1210475005213014e-82,6.34038595967913e-80,0.7953216374269005,0.1437689969604863
3,FCER1A,18.941565,5.5645413,5.183314072541831e-80,2.8229864235825044e-77,0.6491228070175439,0.04164133738601824
3,AIF1,18.75147,4.4676776,1.883091628407971e-78,9.889593712764005e-76,0.7046783625730995,0.06474164133738602
3,SAT1,18.397398,2.5892413,1.3782505331313777e-75,6.98868072058514e-73,0.9473684210526315,0.41641337386018235
3,SGK1,18.195871,3.8544712,5.564630817276267e-74,2.7275965389349167e-71,0.7017543859649122,0.11094224924012158
3,RGS10,17.59097,3.1387787,2.8889740082646887e-69,1.3703987997268467e-66,0.7923976608187134,0.1899696048632219
3,MARCH1,17.42672,4.942557,5.173031362911979e-68,2.3771695684881454e-65,0.6140350877192983,0.03708206686930091
3,PKIB,16.916063,6.511528,3.425788278565583e-64,1.5265520192820271e-61,0.5672514619883041,0.012462006079027355
3,IL1R2,16.872068,7.03932,7.222286636463897e-64,3.123638970270635e-61,0.5614035087719298,0.009422492401215805
3,CXCL8,16.673656,4.5683455,2.037380566544543e-62,8.322133675288195e-60,0.6052631578947368,0.05531914893617021
3,LCP1,16.628958,3.2629788,4.300074761131675e-62,1.7089891719578723e-59,0.7397660818713451,0.14285714285714285
3,PTPRE,16.489279,3.575284,4.3814354219591034e-61,1.695500207366016e-58,0.6549707602339181,0.1054711246200608
3,CLEC10A,16.401669,6.196615,1.8605623342153563e-60,7.01527413452226e-58,0.5526315789473685,0.015197568389057751
3,IL1B,16.161484,6.0265,9.426416425891982e-59,3.4653863385685397e-56,0.5467836257309941,0.019452887537993922
3,GPR183,16.141844,3.0181234,1.2961084609080752e-58,4.648603638452011e-56,0.7719298245614035,0.20820668693009117
3,RNASE6,16.083572,4.8507814,3.3263299491724836e-58,1.164611473870985e-55,0.5672514619883041,0.03434650455927052
3,PLEK,16.07772,4.8402624,3.6558453732906625e-58,1.2502140980055626e-55,0.5672514619883041,0.03434650455927052
3,EVI2B,15.496196,3.2591448,3.6804708115535333e-54,1.2300300746339706e-51,0.6608187134502924,0.11519756838905774
3,CSF2RA,15.067571,6.227391,2.646688614282168e-51,8.460773059352017e-49,0.5058479532163743,0.0121580547112462
3,PPT1,15.020081,3.0486848,5.424168049703411e-51,1.697072152572099e-48,0.6286549707602339,0.14437689969604864
3,REL,14.892295,2.6090672,3.698539766991873e-50,1.1330630682003228e-47,0.7485380116959064,0.24407294832826748
3,NAMPT,14.605488,2.6619956,2.5912122887135888e-48,7.620755341106664e-46,0.6754385964912281,0.20182370820668694
3,VAMP8,14.530691,2.7933571,7.743548969422846e-48,2.2327232861835872e-45,0.7076023391812866,0.17264437689969606
3,GLIPR1,14.465186,2.684181,2.0106056721964754e-47,5.685760848009456e-45,0.6754385964912281,0.1878419452887538
3,LAPTM5,14.426609,2.813904,3.5196405461732174e-47,9.76534230782588e-45,0.6900584795321637,0.16170212765957448
4,COL1A1,25.23349,2.7866728,1.719262005588374e-140,2.528174779217704e-136,0.9813084112149533,0.5418302627604953
4,COL3A1,25.067139,2.5572653,1.1355201613157782e-138,7.930197199105813e-135,0.9813084112149533,0.5816973723950468
4,COL6A1,25.053034,3.0819356,1.6178573000555892e-138,7.930197199105813e-135,0.9688473520249221,0.4294774992449411
4,COL1A2,24.452911,2.5050359,4.6859720006603806e-132,1.7226804567427723e-128,0.9813084112149533,0.5862277257626095
4,COL5A2,24.229755,3.711029,1.0810203714065564e-129,3.179280912306682e-126,0.9439252336448598,0.26094835397160976
4,POSTN,23.947365,5.632953,9.84307579369138e-127,2.412373825770529e-123,0.8473520249221184,0.07127755964965267
4,COL6A3,23.18942,3.397221,5.822042665506924e-119,1.0701642174534914e-115,0.9719626168224299,0.32860163092721234
4,LUM,23.031433,3.3000145,2.2579904020397925e-117,3.6893054291105715e-114,0.9470404984423676,0.3497432799758381
4,APCDD1,22.829655,4.4667726,2.327877681277103e-115,3.42314413031798e-112,0.8566978193146417,0.13138024765931744
4,COL6A2,22.554708,2.9365542,1.2073372809676169e-112,1.613990428784437e-109,0.9657320872274143,0.4158864391422531
4,SPARC,22.198092,2.4986556,3.58351168865871e-109,4.391294948477194e-106,0.9750778816199377,0.5288432497734823
4,DIO2,22.158342,5.453222,8.668260400749823e-109,9.805136091771241e-106,0.7881619937694704,0.05557233464210208
4,MMP2,22.10148,3.9112403,3.0587438786503073e-108,3.2127734811109122e-105,0.9283489096573209,0.1972213832678949
4,DCN,21.71922,3.326961,1.3505484323566072e-104,1.3239876465202604e-101,0.9595015576323987,0.3470250679553005
4,COL5A1,21.654942,3.8199806,5.459957953876062e-104,5.0180426069842176e-101,0.8566978193146417,0.1766837813349441
4,SFRP2,21.572212,4.189349,3.276399498403541e-103,2.8340855661190626e-100,0.881619937694704,0.14044095439444276
4,THBS2,21.505426,4.188157,1.3850411773675712e-102,1.1315016951772298e-99,0.838006230529595,0.12594382361824222
4,CTSK,20.995281,3.5662718,7.243267346102358e-98,5.6059077012860614e-95,0.8691588785046729,0.2053760193295077
4,TCF4,20.849167,2.8789837,1.5509867725140288e-96,1.1403630244909397e-93,0.9501557632398754,0.36695862277257624
4,CTHRC1,20.551699,4.31223,7.431748966406046e-94,5.203993740523852e-91,0.7757009345794392,0.11597704620960435
4,ASPN,20.54066,3.803906,9.328600334909127e-94,6.235321269310851e-91,0.8130841121495327,0.17215342796738145
4,TWIST2,20.37353,4.4514546,2.8721595101874885e-92,1.8363089390133488e-89,0.7601246105919003,0.08728480821504077
4,HTRA1,19.736391,3.4417243,1.0501810873937661e-86,6.177165156050132e-84,0.8130841121495327,0.20205376019329507
4,COL12A1,19.31742,4.083739,3.833410703273745e-83,2.1680886304477086e-80,0.735202492211838,0.10752038659015403
4,COMP,18.46869,3.7588592,3.689231079844819e-76,2.0092645566340022e-73,0.7694704049844237,0.1356085774690426
4,DPT,18.189117,4.4771485,6.294627591484101e-74,3.3058035261704894e-71,0.6728971962616822,0.06795530051344005
4,PAM,18.01719,3.3213494,1.4281206141670404e-72,7.241556424595286e-70,0.7694704049844237,0.1676230745998188
4,NREP,17.537344,3.5834334,7.432033678842187e-69,3.415251726480449e-66,0.7040498442367601,0.12382965871337964
4,SPATS2L,17.44734,2.8286738,3.6064176095837286e-68,1.607041543906931e-65,0.8193146417445483,0.25188764723648444
4,PLAGL1,17.354074,3.40485,1.8373848498230723e-67,7.71964120475665e-65,0.719626168224299,0.14074297795228027
4,MEG3,17.212086,3.2399848,2.1552940695530453e-66,8.803777581327091e-64,0.7414330218068536,0.16883116883116883
4,GAS1,17.076452,4.565942,2.2223001062242007e-65,8.379211041545351e-63,0.6261682242990654,0.053156146179401995
4,VCAN,16.941904,3.0800755,2.2085657345180366e-64,7.381127074110847e-62,0.8037383177570093,0.2108124433705829
4,PDGFRA,16.839804,4.149758,1.2465071344885383e-63,3.984758133185643e-61,0.6386292834890965,0.06976744186046512
4,RRBP1,16.721674,2.7805061,9.112333171547755e-63,2.791601235158536e-60,0.7881619937694704,0.23859861069163396
4,ANTXR1,16.609287,3.5522041,5.969864406281729e-62,1.7557371218874564e-59,0.6666666666666666,0.10963455149501661
4,MFAP4,16.567783,3.2763693,1.191382836342218e-61,3.4351538447867283e-59,0.7165109034267912,0.14678344910903052
4,PCOLCE,16.519226,2.6895142,2.6679678250916415e-61,7.544705166917805e-59,0.822429906542056,0.27544548474781033
4,F2R,16.508942,3.1269836,3.163850382311691e-61,8.778192428659136e-59,0.719626168224299,0.1655089096949562
4,TIMP2,16.40525,2.3832572,1.754007828439009e-60,4.776423169851042e-58,0.897196261682243,0.3844759891271519
4,PPIC,16.393154,3.1158552,2.1404592022505026e-60,5.6206165301952934e-58,0.7009345794392523,0.1621866505587436
4,FSTL1,16.369629,2.6660256,3.151334050407188e-60,8.129888984427667e-58,0.8504672897196262,0.29145273331319843
4,C1S,16.362047,2.6796145,3.569287768524177e-60,9.049375282094485e-58,0.8785046728971962,0.30504379341588644
4,NBL1,16.319344,3.008111,7.190428208855994e-60,1.7333647018234e-57,0.7383177570093458,0.1812141347025068
4,FBN1,16.256071,2.904491,2.023040216629028e-59,4.798194578311267e-57,0.7601246105919003,0.20446994865599516
4,PTK7,16.118597,4.6618943,1.8884838906056794e-58,4.339086814274455e-56,0.5856697819314641,0.04379341588643914
4,PMEPA1,15.959605,3.3174016,2.442728384118475e-57,5.361241923651071e-55,0.6666666666666666,0.12956810631229235
4,FRMD6,15.907286,3.6623938,5.640637159026393e-57,1.2197877856394575e-54,0.6292834890965732,0.08939897311990336
4,MARCKS,15.775917,2.64295,4.557329964237406e-56,9.438808045649445e-54,0.794392523364486,0.2503775294472969
4,OLFML3,15.753507,3.3577683,6.497663129429497e-56,1.3270574488647327e-53,0.6510903426791277,0.11144669284204167
5,SEPP1,22.619627,4.5718694,2.778197524322507e-113,4.0853394595162463e-109,1.0,0.2787931534667827
5,RNASE1,21.87006,8.438698,5.009221521495485e-106,3.683030123679555e-102,0.9567567567567568,0.018856977081520163
5,C1QA,21.394087,7.715909,1.5167340892642664e-101,7.434524927543679e-98,0.9405405405405406,0.024949231215549754
5,MS4A6A,21.203186,5.7696238,8.924641234944948e-100,3.2809212339966365e-96,0.972972972972973,0.09138381201044386
5,HLA-DRA,21.040606,4.817058,2.787962489172023e-98,8.199397680654919e-95,1.0,0.24456048738033073
5,NPC2,21.00991,3.2841682,5.323542142247175e-98,1.3047114533624117e-94,0.9945945945945946,0.4281984334203655
5,CD74,20.78245,4.0787363,6.239335324070517e-96,1.3107060848636708e-92,1.0,0.3466782709602553
5,F13A1,20.497808,6.5079174,2.2521338027025716e-93,4.087025000076093e-90,0.9081081081081082,0.054250072526834926
5,MS4A7,20.492699,6.2477617,2.5014093846096457e-93,4.087025000076093e-90,0.9135135135135135,0.05918189730200174
5,HLA-DPA1,20.466932,4.778165,4.245137198949556e-93,6.2424742510553215e-90,1.0,0.20887728459530025
5,AIF1,20.445557,5.765729,6.580219575015537e-93,8.796557168236678e-90,0.9243243243243243,0.08210037713954163
5,HLA-DRB1,20.354551,4.7227883,4.2310544170308736e-92,5.1848046002032495e-89,0.9837837837837838,0.19843342036553524
5,C1QC,20.111546,7.65993,5.847410974488491e-90,6.614321413834866e-87,0.8864864864864865,0.01943719176095155
5,TYROBP,20.055624,5.0501013,1.8026762095438615e-89,1.8934538329530346e-86,0.9621621621621622,0.12967798085291557
5,FTL,19.986029,1.2413667,7.28691519749329e-89,7.143605865275922e-86,1.0,0.8827966347548593
5,HLA-DPB1,19.551115,4.424211,4.036067885478995e-85,3.7093986409980386e-82,1.0,0.24136930664345807
5,DAB2,19.448378,4.138398,3.00800042316622e-84,2.60192036603878e-81,0.9081081081081082,0.2239628662605164
5,CD163,19.180828,7.7199726,5.35203053401045e-82,4.3723116112568704e-79,0.8432432432432433,0.017116333043225993
5,CTSS,19.152832,4.5355043,9.166262848833572e-82,7.094205010110404e-79,0.9297297297297298,0.16623150565709313
5,SLC40A1,18.90432,5.5655036,1.0508504848194625e-79,7.726378189635097e-77,0.8540540540540541,0.08442123585726719
5,PDK4,18.885788,5.092001,1.4929342425191253e-79,1.0454094302973209e-76,0.8648648648648649,0.1172033652451407
5,HLA-DQA1,18.663616,4.79732,9.78770245634592e-78,6.542189300934852e-75,0.9297297297297298,0.1346098056280824
5,SAT1,18.428778,3.0060709,7.720658174493053e-76,4.9361860198226234e-73,0.9675675675675676,0.4395126196692776
5,LYZ,18.16274,4.779378,1.0181120406208494e-73,6.238057315553996e-71,0.9459459459459459,0.14244270380040616
5,MAFB,18.086166,4.455076,4.096156027730419e-73,2.4093589755110325e-70,0.8594594594594595,0.1456338845372788
5,HLA-DMA,18.03208,4.6026373,1.0910891163373721e-72,6.1709482522081e-70,0.8864864864864865,0.12996808819263128
5,CST3,17.960398,2.3201282,3.979450104172133e-72,2.16732643636486e-69,0.9837837837837838,0.5923991876994488
5,CD14,17.897964,6.7549815,1.2231252797280339e-71,6.423591870857406e-69,0.7945945945945946,0.027560197272991006
5,FCER1G,17.81088,4.6392865,5.8187498066863774e-71,2.9505074450801095e-68,0.8864864864864865,0.12677690745575862
5,C1QB,17.531708,7.539668,8.20658683611472e-69,4.022595314168898e-66,0.772972972972973,0.014795474325500435
5,HLA-DMB,17.435198,4.8031726,4.460207574771803e-68,2.11572104474256e-65,0.8324324324324325,0.09602552944589499
5,HLA-DRB5,17.280857,4.5369253,6.55662056861334e-67,3.0129720456705988e-64,0.8648648648648649,0.12648680011604294
5,CTSB,17.267796,3.2680075,8.222491787707422e-67,3.663992173885989e-64,0.8864864864864865,0.31070496083550914
5,HLA-DQB1,16.785849,4.127402,3.097742204532575e-63,1.3397735034603384e-60,0.9297297297297298,0.18334783870031912
5,PSAP,16.451008,2.2987611,8.248485815756549e-61,3.465542397734287e-58,0.9027027027027027,0.5111691325790543
5,IGF1,16.312536,4.3122573,8.0383480664767e-60,3.2834418977094405e-57,0.8054054054054054,0.12532637075718014
5,FOLR2,16.046211,8.781167,6.076093519278734e-58,2.414836627053886e-55,0.7027027027027027,0.004641717435451117
5,LGMN,16.043585,4.783645,6.338694718236127e-58,2.452908048201638e-55,0.7405405405405405,0.10443864229765012
5,MARCKS,15.878162,3.2266588,8.97702156816381e-57,3.384797491278175e-54,0.8216216216216217,0.2703800406150276
5,MRC1,15.71551,5.6136155,1.1842424589614715e-55,4.353571339757109e-53,0.7135135135135136,0.04409631563678561
5,CTSZ,14.938774,3.4156384,1.8433543294841861e-50,6.611347662210965e-48,0.7567567567567568,0.21148825065274152
5,FGL2,14.914232,3.890023,2.6632292443115595e-50,9.32447286609559e-48,0.745945945945946,0.14186248912097477
5,ITM2B,14.843557,1.3204216,7.658424327332136e-50,2.619003017056257e-47,0.9783783783783784,0.7827096025529446
5,MAF,14.478058,3.4930432,1.6674156004213293e-47,5.5725787282262833e-45,0.7783783783783784,0.18102697998259357
5,CYBB,14.416632,5.7329564,4.06711937658733e-47,1.3290442318381485e-44,0.654054054054054,0.031041485349579345
5,STAB1,14.112558,7.3309593,3.1783385989769853e-45,1.0160319369120993e-42,0.6216216216216216,0.011024078909196402
5,CTSC,13.984272,3.2174096,1.9445626024759416e-44,6.083998525406111e-42,0.7567567567567568,0.2178706121264868
5,FCGRT,13.799921,2.8589299,2.551322428524757e-43,7.656570675807459e-41,0.7567567567567568,0.26718885987815494
5,CCL3,13.799921,4.789644,2.551322428524757e-43,7.656570675807459e-41,0.654054054054054,0.06585436611546272
5,CXCL2,13.665337,4.235377,1.635447115421016e-42,4.809849966453208e-40,0.6648648648648648,0.1003771395416304
6,TPSB2,18.875816,9.873499,1.803146921862653e-79,1.3681358851337217e-75,1.0,0.015388999715018524
6,TPSAB1,18.874155,9.024482,1.8607764503688838e-79,1.3681358851337217e-75,1.0,0.02707324023938444
6,HPGD,18.592772,7.305045,3.676754669142478e-77,1.8022225803246713e-73,0.991869918699187,0.05186662866913651
6,CPA3,18.410505,10.031547,1.0820815435429191e-75,3.978002274449656e-72,0.975609756097561,0.008264462809917356
6,HPGDS,17.316906,9.781867,3.507175423743188e-67,1.0314602921228716e-63,0.9186991869918699,0.007979481333713309
6,MS4A2,17.18118,11.419479,3.6736990584577087e-66,9.003624109103434e-63,0.9105691056910569,0.002279851809632374
6,SLC18A2,16.546154,9.886213,1.7066209128585016e-61,3.5851229319406095e-58,0.8780487804878049,0.005129666571672842
6,CTSG,16.389957,9.688091,2.2560430342128054e-60,4.1468891022624126e-57,0.8699186991869918,0.008264462809917356
6,GATA2,15.775141,9.275756,4.613698499541705e-56,7.53827071508453e-53,0.8373983739837398,0.007979481333713309
6,RAB27B,15.681623,7.882455,2.020241897203097e-55,2.9707657098371542e-52,0.8373983739837398,0.018238814477058992
6,FTH1,14.719683,0.7696883,4.819180837332905e-49,6.4423685648163976e-46,1.0,0.9609575377600456
6,H3F3B,14.564579,1.0427133,4.718851030473045e-48,5.782558700258844e-45,1.0,0.9008264462809917
6,KIT,14.168202,7.934755,1.4414343887258126e-45,1.630484052785621e-42,0.7560975609756098,0.013394129381590196
6,RGS1,14.102154,3.3841395,3.683517056782484e-45,3.869008451427602e-42,0.926829268292683,0.3348532345397549
6,ADCYAP1,13.936903,9.59597,3.779919143611452e-44,3.705580733787093e-41,0.7398373983739838,0.004844685095468795
6,IL1RL1,13.616984,9.362043,3.1740491326669314e-42,2.9171495309917014e-39,0.7235772357723578,0.004274722143060701
6,CD63,13.3737,1.5889258,8.614677030891716e-41,7.451695631721334e-38,0.9349593495934959,0.6956397834140781
6,ANXA1,13.282195,2.0862672,2.9365872533184896e-40,2.3990286422249104e-37,0.9186991869918699,0.6024508406953548
6,CD69,13.073596,3.6455486,4.660877122699464e-39,3.607273583647138e-36,0.8617886178861789,0.25021373610715303
6,SRGN,13.001905,2.8063757,1.1933202123481198e-38,8.773886861289551e-36,0.926829268292683,0.42832715873468225
6,PTMA,12.967001,0.63984865,1.882532558986561e-38,1.3182210133284465e-35,1.0,0.9766315189512682
6,RGS13,12.868847,9.877938,6.740064235745303e-38,4.5051202084833943e-35,0.6829268292682927,0.002564833285836421
6,FCER1G,12.746111,4.085776,3.276876543264979e-37,2.095063894291805e-34,0.7804878048780488,0.1439156454830436
6,RGS2,12.592932,4.1977587,2.309329688636513e-36,1.4149455446416634e-33,0.7398373983739838,0.13935594186377886
6,CLU,12.264616,4.040126,1.4027578308731482e-34,8.251021561195857e-32,0.7398373983739838,0.13793103448275862
6,FTL,12.154565,0.9160059,5.424986073649103e-34,3.052648557580462e-31,0.983739837398374,0.8854374465659732
6,SAMSN1,12.151896,3.9247644,5.6049990516608275e-34,3.052648557580462e-31,0.7479674796747967,0.15161014534055287
6,GLUL,12.106756,2.971889,9.726475721721917e-34,5.1081366245686e-31,0.7642276422764228,0.3083499572527786
6,RP11-354E11.2,11.952265,10.30594,6.317945154980213e-33,3.203633913930483e-30,0.6341463414634146,0.0017098888572242804
6,LTC4S,11.737849,6.418977,8.153362715786309e-32,3.9965066245212553e-29,0.6341463414634146,0.025078369905956112
6,VWA5A,11.380227,6.066108,5.246305816358826e-30,2.4886105493405332e-27,0.6178861788617886,0.02963807352522086
6,C1orf186,11.308361,8.50051,1.1929677359323705e-29,5.4820595490267206e-27,0.6016260162601627,0.005414648047876888
6,SH3BGRL3,11.167604,2.0191355,5.874389711547252e-29,2.6176636578273433e-26,0.8861788617886179,0.5465944713593617
6,UBB,11.127625,1.2658231,9.20550217186017e-29,3.981379689329523e-26,0.8861788617886179,0.7170133941293816
6,TYROBP,10.83019,3.552569,2.4764045347716543e-27,1.0404436766804907e-24,0.7235772357723578,0.15275007124536905
6,CD44,10.394273,1.4059306,2.6328865784832786e-25,1.075461031572128e-22,0.8536585365853658,0.6520376175548589
6,LMO4,10.27871,2.5574608,8.789610781531761e-25,3.493276393038501e-22,0.6910569105691057,0.3200341977771445
6,SDPR,10.200677,4.118456,1.9689522934435875e-24,7.619327230286304e-22,0.5934959349593496,0.0957537760045597
6,OSBPL8,10.105761,2.530434,5.209004114201983e-24,1.9640616794702603e-21,0.6910569105691057,0.30806497577657455
6,TNFAIP3,10.016617,2.4585967,1.2883760865329398e-23,4.73639258811672e-21,0.7886178861788617,0.3567968082074665
6,RPL37A,9.832382,0.51814574,8.166393517405398e-23,2.928946748132838e-20,1.0,0.963807352522086
6,CAPG,9.630476,3.6112607,5.945348740818254e-22,2.0331710054356377e-19,0.5853658536585366,0.12510686805357651
6,VIM,9.559266,0.6341732,1.1859437286138502e-21,3.963477847560606e-19,0.967479674796748,0.8956967797093189
6,GCSAML,9.359898,12.359452,7.981431164429076e-21,2.5514553320202077e-18,0.4959349593495935,0.00028498147620404675
6,ANKRD28,9.107078,2.4679544,8.463121699495488e-20,2.592712595647524e-17,0.6747967479674797,0.29524080934739244
6,FOS,9.0443535,1.0810795,1.5055371345452139e-19,4.5181476660178305e-17,0.9186991869918699,0.7628954117982332
6,S100A6,9.000569,0.47028974,2.245507616749217e-19,6.47454696162691e-17,0.975609756097561,0.9415787973781704
6,H3F3A,8.982767,0.7518321,2.640421027217263e-19,7.466806001005741e-17,0.9349593495934959,0.8444001139925905
6,LGALS3,8.979486,1.7368718,2.7203431517029415e-19,7.547669065243727e-17,0.7154471544715447,0.4468509546879453
6,DUSP6,8.972225,3.8552294,2.9058356880222094e-19,7.91302107266048e-17,0.5365853658536586,0.08948418352807068
7,S100A16,12.92074,5.9651794,3.4381617006814997e-38,3.2965071612875475e-34,0.9836065573770492,0.10669280313637637
7,KRT6A,12.900299,7.9467993,4.4835187504760936e-38,3.2965071612875475e-34,0.9672131147540983,0.0313637636516382
7,KRT16,12.836513,7.4294286,1.0238301113697164e-37,4.679329571873287e-34,0.9672131147540983,0.04648557826939233
7,KRT14,12.819643,5.970981,1.2728540147904217e-37,4.679329571873287e-34,0.9672131147540983,0.15177821338560626
7,SFN,12.690408,8.519885,6.683688777592357e-37,1.9656728694899123e-33,0.9508196721311475,0.017362083450014002
7,HSPB1,12.501697,3.8103971,7.307526198561951e-36,1.7909528791642248e-32,0.9836065573770492,0.3805656678801456
7,S100A14,12.458351,8.340069,1.2594793661154436e-35,2.645806296961086e-32,0.9344262295081968,0.019602352282273874
7,PERP,12.308983,5.22485,8.103832029342874e-35,1.4895856248935868e-31,0.9508196721311475,0.1442173060767292
7,CSTA,12.227464,6.238362,2.217539102751928e-34,3.623212500663011e-31,0.9344262295081968,0.09661159339120695
7,CALML3,11.977367,7.6717916,4.669164826739848e-33,6.866006877720946e-30,0.9016393442622951,0.029683562027443294
7,GSTP1,11.683803,2.9832392,1.542383321480441e-31,2.061886067488171e-28,0.9672131147540983,0.504060487258471
7,TXN,11.597605,2.9901662,4.2377443949521105e-31,4.793540871366984e-28,0.9836065573770492,0.4908989078689443
7,FABP5,11.39541,5.134843,4.407545799686687e-30,4.3208640656261816e-27,0.8852459016393442,0.18846261551386168
7,LGALS7B,11.349663,8.411212,7.444929434202877e-30,6.842355458122081e-27,0.8524590163934426,0.01288154578549426
7,DBI,11.300468,3.4663656,1.3051989531129465e-29,1.1289970944426986e-26,0.9508196721311475,0.37832539904788576
7,FXYD3,11.225661,7.12753,3.050961340060617e-29,2.4924659169772985e-26,0.8524590163934426,0.026883225987118453
7,DAPL1,11.108863,8.020803,1.135965806365867e-28,8.791777464531618e-26,0.8360655737704918,0.014561747409689163
7,C19orf33,11.102706,7.7661433,1.2170222738813268e-28,8.948156268712456e-26,0.8360655737704918,0.019042285074208905
7,RPLP0,10.797319,1.5698875,3.543983753696636e-27,2.481632433243287e-24,1.0,0.8291795015401848
7,S100A2,10.512251,6.5278673,7.586069094668652e-26,4.850136784221849e-23,0.8032786885245902,0.04536544385326239
7,KRT17,10.392129,7.2560306,2.69275773249028e-25,1.6498751023445652e-22,0.7868852459016393,0.023522822738728646
7,NACA,10.299343,1.7084442,7.094438112731087e-25,4.1729484979084257e-22,1.0,0.7496499579949594
7,LY6D,10.28198,8.95413,8.496391318162712e-25,4.80536285898395e-22,0.7704918032786885,0.005880705684682162
7,DYNLL1,10.237465,2.7591095,1.3471995425568223e-24,7.337247878999286e-22,0.9180327868852459,0.4743769252310277
7,KRT5,10.22472,6.016969,1.5367131951621415e-24,8.07048840530689e-22,0.7868852459016393,0.06188742649117894
7,S100A8,10.152929,6.9946256,3.2156274112362493e-24,1.6305448649044496e-21,0.7704918032786885,0.033323998879865584
7,EEF1B2,10.0538025,2.4335375,8.838979321153508e-24,4.33257303058541e-21,0.9508196721311475,0.5513861663399608
7,GAPDH,10.031514,1.6743397,1.1080451403900185e-23,5.2560657385274906e-21,0.9836065573770492,0.7451694203304396
7,RPL37A,9.756912,0.8440047,1.723218103375932e-22,7.918725690669712e-20,1.0,0.9644357322878745
7,DSTN,9.6874,2.1392248,3.4110139957107093e-22,1.5121664004031704e-19,1.0,0.6194343321198544
7,TSPO,9.6848755,2.9861119,3.4963384980420127e-22,1.5121664004031704e-19,0.9016393442622951,0.365163819658359
7,RPL36,9.666036,0.91714203,4.2034817450433004e-22,1.766062830310335e-19,1.0,0.9523942873144777
7,RPL29,9.602372,1.2535167,7.812542215231514e-22,3.191206479860539e-19,1.0,0.8672640716886026
7,KRT6C,9.555825,7.466932,1.2260289084552706e-21,4.872636513198582e-19,0.7213114754098361,0.01596191542985158
7,RPS24,9.529842,0.8845524,1.5752166835770993e-21,6.09567403473717e-19,1.0,0.9451134136096332
7,UQCRQ,9.498196,2.2624047,2.135580884093001e-21,8.052235102714764e-19,0.9344262295081968,0.5438252590310837
7,POLR2L,9.431208,2.2530708,4.053934629493721e-21,1.490327718167629e-18,0.9344262295081968,0.5547465695883506
7,RPLP1,9.424189,0.71223545,4.334426081269819e-21,1.5545789152456751e-18,1.0,0.9899187902548305
7,SLC25A5,9.393835,2.7641277,5.785453355374006e-21,2.0255974188279704e-18,0.8852459016393442,0.3987678521422571
7,PPIA,9.378196,1.7973771,6.71109770320814e-21,2.2950393424575744e-18,0.9836065573770492,0.6754410529263511
7,USMG5,9.374317,2.2595088,6.962487943009121e-21,2.3268951182261167e-18,0.9672131147540983,0.5558667040044806
7,KRT1,9.346303,6.023726,9.07648858427027e-21,2.9659947695932073e-18,0.7213114754098361,0.048725847101652196
7,RPL7A,9.338545,1.384951,9.766678387276582e-21,3.1221522974978725e-18,0.9672131147540983,0.7947353682441893
7,BTF3,9.313917,1.4140303,1.2320265470978701e-20,3.814933136903002e-18,0.9836065573770492,0.7930551666199944
7,RPL8,9.310593,1.1522185,1.2712119939357163e-20,3.814933136903002e-18,1.0,0.888266591991039
7,RPS17,9.213127,0.90382475,3.167586057405634e-20,9.133206465519578e-18,1.0,0.9420330439652759
7,DMKN,9.124467,7.436761,7.209020746119304e-20,2.000163208899705e-17,0.6885245901639344,0.01708204984598152
7,KRT6B,9.088017,6.9315114,1.0086130199698316e-19,2.733553924774997e-17,0.6885245901639344,0.023802856342761133
7,CTNNBIP1,9.08654,5.5773263,1.0224105124965986e-19,2.733553924774997e-17,0.7049180327868853,0.051246149537944555
7,RPS6,9.030388,0.76486415,1.7106398079935e-19,4.491956852954361e-17,1.0,0.9641556986838421
8,KLRB1,11.505559,6.0237007,1.2368529509393263e-30,1.818792264356279e-26,0.9464285714285714,0.07913870246085011
8,IL32,9.319109,3.6480515,1.1732114869799662e-20,8.626037458020201e-17,0.9642857142857143,0.3076062639821029
8,LTB,9.026161,4.2004714,1.777994803848681e-19,8.715137863531618e-16,0.8214285714285714,0.15715883668903805
8,CD69,8.934206,3.6726286,4.1011391400121917e-19,1.4836256236063352e-15,0.9285714285714286,0.2606263982102908
8,AC092580.4,8.911281,4.792766,5.044629798049423e-19,1.4836256236063352e-15,0.7678571428571429,0.09256152125279642
8,S100A4,8.579483,0.9234979,9.530044134507933e-18,2.3356549832989857e-14,1.0,0.9119127516778524
8,CD52,8.484831,3.3184543,2.1603348930694353e-17,4.5382463717980064e-14,0.9642857142857143,0.3378076062639821
8,RGS1,8.464924,3.0278409,2.563200765170852e-17,4.711483406479672e-14,0.875,0.34675615212527966
8,RPL21,8.0465,0.49639082,8.519524583714393e-16,1.3919956555946682e-12,1.0,0.9932885906040269
8,IL7R,7.9806156,3.5567405,1.4560500785928986e-15,2.1411216405708573e-12,0.8035714285714286,0.19966442953020133
8,TMA7,7.805438,1.3312682,5.929532895026506e-15,7.926707383760433e-12,0.9285714285714286,0.7393736017897091
8,RPS12,7.716821,0.5896318,1.1926658722775639e-14,1.4615126376534648e-11,1.0,0.9681208053691275
8,RPL28,7.452385,0.67340565,9.16678649806728e-14,1.0369045804159949e-10,1.0,0.9558165548098434
8,RPLP2,7.402683,0.57267106,1.3346050539264227e-13,1.4018119512848604e-10,1.0,0.9714765100671141
8,RPS21,7.3897114,0.9088557,1.4714807703288005e-13,1.442541648512334e-10,0.9642857142857143,0.8716442953020134
8,RPS29,7.3547783,0.5629872,1.9124420932252854e-13,1.654262410639872e-10,1.0,0.9840604026845637
8,RPLP1,7.13754,0.44254622,9.501621529315223e-13,7.127748749413557e-10,1.0,0.9899328859060402
8,RPS20,7.1365767,0.51656055,9.568411084984163e-13,7.127748749413557e-10,0.9821428571428571,0.9608501118568232
8,RPS27A,7.1347785,0.4792526,9.694319958399942e-13,7.127748749413557e-10,1.0,0.9821029082774049
8,RPS2,7.1272655,0.48374832,1.0238264989932607e-12,7.169223175093285e-10,1.0,0.9848993288590604
8,CD3D,7.0699215,3.1221554,1.550214031968915e-12,1.036177151822859e-09,0.7857142857142857,0.2354586129753915
8,RPL13,7.0615735,0.4709213,1.6462757481837883e-12,1.052542820740983e-09,1.0,0.9860178970917226
8,RPL36,7.0202193,0.63537997,2.215204200497112e-12,1.3572740736795845e-09,1.0,0.9524608501118568
8,RPS15A,6.94085,0.5364326,3.897484755963027e-12,2.292500533457452e-09,0.9821428571428571,0.9569351230425056
8,B2M,6.9253097,0.42633665,4.3502267114809024e-12,2.4603878381664106e-09,1.0,0.9944071588366891
8,RPL19,6.9113107,0.5627477,4.801953310266562e-12,2.6152860528692517e-09,1.0,0.9636465324384788
8,RPS19,6.8783045,0.53920084,6.056910102438183e-12,3.180959394869767e-09,1.0,0.9753914988814317
8,RPS4X,6.7658644,0.5428586,1.3251564078829866e-11,6.495474992639772e-09,0.9821428571428571,0.9499440715883669
8,RPL34,6.7326655,0.41079193,1.6658294349055673e-11,7.901942529124634e-09,1.0,0.9924496644295302
8,RPL32,6.7132726,0.4446743,1.9030730131830924e-11,8.745215205892928e-09,1.0,0.9871364653243848
8,ANXA1,6.678083,1.582975,2.4208836816999515e-11,1.047032192335229e-08,0.875,0.6090604026845637
8,RPSA,6.659332,0.95893556,2.7507490843893376e-11,1.1557075795984344e-08,0.8928571428571429,0.7855145413870246
8,ANKRD28,6.627353,2.5806663,3.417595981885504e-11,1.3369744167520313e-08,0.7142857142857143,0.3017337807606264
8,SRGN,6.6257477,2.358141,3.454949189838639e-11,1.3369744167520313e-08,0.8928571428571429,0.4381991051454139
8,MYL12A,6.55768,1.1243238,5.4651333310846015e-11,2.0606355290666427e-08,0.9107142857142857,0.7541946308724832
8,TMSB4X,6.416215,0.37981942,1.3970432835815963e-10,5.0106149963578953e-08,1.0,0.9946868008948546
8,HLA-A,6.398106,1.0366322,1.5731587118657675e-10,5.5079282995205027e-08,0.9642857142857143,0.8028523489932886
8,CXCR4,6.3873825,2.4782078,1.687493783252483e-10,5.639680927892673e-08,0.8035714285714286,0.3442393736017897
8,RPL3,6.3423676,0.5107644,2.2626043316923403e-10,7.39368815500797e-08,1.0,0.9644854586129754
8,RPL35A,6.3340197,0.5203719,2.3885481698499075e-10,7.635565399487585e-08,1.0,0.9605704697986577
8,RPL41,6.3180947,0.37493107,2.648080006254571e-10,8.285109891909248e-08,1.0,0.991331096196868
8,RPS18,6.2348723,0.36737105,4.521471853213374e-10,1.3851717416979722e-07,1.0,0.9930089485458613
8,RPS25,6.1793265,0.4542555,6.437569727861415e-10,1.9319278132286143e-07,0.9821428571428571,0.9633668903803132
8,CALM1,6.1625023,1.1956763,7.160439247473476e-10,2.0924125449787925e-07,0.8392857142857143,0.6719798657718121
8,RPS3,6.160383,0.5919424,7.256922121313731e-10,2.0924125449787925e-07,0.9821428571428571,0.930648769574944
8,RPL10,6.1447144,0.3609523,8.010743166422713e-10,2.265345735812423e-07,1.0,0.9930089485458613
8,RPL18A,6.1213403,0.48527846,9.279144062250708e-10,2.5745247817999366e-07,1.0,0.970917225950783
8,TMSB10,6.087114,0.40582678,1.1496419010821453e-09,3.098467773509493e-07,0.9821428571428571,0.968400447427293
8,RPL12,6.0858297,0.38821357,1.1588964810814152e-09,3.098467773509493e-07,0.9821428571428571,0.973434004474273
8,RPS27,6.009735,0.33258584,1.858267571047658e-09,4.879611541474252e-07,1.0,0.9983221476510067
9,XCL1,10.142517,8.867075,3.577614839110877e-24,5.2608826209125444e-20,0.8,0.007827788649706457
9,SRGN,9.728334,3.0481496,2.2830088986566965e-22,1.678582292737336e-18,0.9818181818181818,0.43695834498182834
9,CD69,9.508318,3.8206213,1.937702944918534e-21,9.497973935009014e-18,0.8909090909090909,0.2613922281241264
9,AREG,9.312921,5.4209695,1.2436454879689135e-20,4.571951725145718e-17,0.7636363636363637,0.08470785574503774
9,KLRB1,9.025008,5.0566525,1.7968266972897207e-19,5.284467316729068e-16,0.7818181818181819,0.08191221694157115
9,TSC22D3,8.026447,1.853717,1.0033578467842503e-15,2.441806080604308e-12,0.9454545454545454,0.6547386077718759
9,CTSW,8.008372,4.965286,1.1623694365338427e-15,2.441806080604308e-12,0.6727272727272727,0.06625663964215824
9,FOS,7.708538,1.1702348,1.2726703523047073e-14,2.33932719133009e-11,0.8909090909090909,0.7662845960301929
9,TRDC,7.5601764,7.6446075,4.0252365015460717e-14,6.57678919502611e-11,0.6,0.009225608051439753
9,ID2,7.5395093,2.6932998,4.7174351045132116e-14,6.936988321186677e-11,0.7636363636363637,0.3349175286552977
9,BTG1,7.4819784,1.5876337,7.321195430721338e-14,9.78710716443248e-11,0.9090909090909091,0.6882862734134749
9,NFKBIA,7.3660746,1.6127558,1.7572537093221532e-13,2.1533679829651887e-10,0.8545454545454545,0.6368465194296897
9,B2M,7.3204646,0.45893174,2.4711364143318906e-13,2.795235459442342e-10,1.0,0.9944087223930668
9,H3F3B,6.7816324,0.7325628,1.1882567438567137e-11,1.1648876945608649e-08,0.9818181818181818,0.9029913335197093
9,XCL2,6.6522527,7.6409917,2.8864039065579444e-11,2.6527855903709107e-08,0.5272727272727272,0.006709533128319821
9,IFITM2,6.600229,1.6978796,4.1052339932537233e-11,3.353748103933111e-08,0.7636363636363637,0.5199888174447861
9,CXCR4,6.536608,2.4630127,6.292962024482692e-11,4.8704213984219994e-08,0.7636363636363637,0.34498182834777746
9,RPLP2,6.4939137,0.5192337,8.363470656812643e-11,6.149241800421495e-08,1.0,0.9714844842046407
9,RPLP1,6.435994,0.4104089,1.2266775353438894e-10,8.589663408205664e-08,1.0,0.9899357003075203
9,RPL8,6.2206426,0.6934581,4.951230155878405e-10,3.0336599767579976e-07,0.9636363636363636,0.8890131395023763
9,KLRD1,6.185139,7.2422094,6.204764304254941e-10,3.649642363762756e-07,0.4909090909090909,0.008666480290746436
9,CD52,6.0634046,2.5397825,1.3326970568645616e-09,7.258263044886437e-07,0.8,0.3405088062622309
9,ZFP36L2,6.047597,1.4894221,1.4702236420004019e-09,7.721299519862825e-07,0.8,0.5926754263349175
9,GNLY,5.9601994,5.2787333,2.519305525688231e-09,1.2774616467326012e-06,0.4909090909090909,0.034386357282639085
9,RPL13,5.9476304,0.40179893,2.7205168737154512e-09,1.3335066875995236e-06,1.0,0.9860218059826671
9,TNFRSF18,5.9354506,5.0793633,2.930394339836769e-09,1.3900467344290221e-06,0.4909090909090909,0.034386357282639085
9,TXNIP,5.892627,1.3053169,3.8010482877640955e-09,1.7467004709865943e-06,0.8,0.6284596030192899
9,TYROBP,5.847081,2.9744132,5.00272880603555e-09,2.2292462755379625e-06,0.5818181818181818,0.16578138104556892
9,TNFAIP3,5.824017,2.073976,5.744965307488918e-09,2.4846974954889566e-06,0.6909090909090909,0.3665082471344702
9,RPS19,5.800694,0.4657027,6.604104281831746e-09,2.7746672418381666e-06,1.0,0.975398378529494
9,MT-ND2,5.7859225,0.39721534,7.2115445970078444e-09,2.866101710783793e-06,1.0,0.9840648588202404
9,DDX5,5.731372,0.7180007,9.962152887667762e-09,3.855091005609328e-06,0.8545454545454545,0.7975957506290188
9,RPS27,5.7132964,0.3174586,1.108084103536174e-08,4.061435811830965e-06,1.0,0.99832261671792
9,TMSB4X,5.712843,0.3439046,1.1110422568675169e-08,4.061435811830965e-06,1.0,0.9946882862734134
9,RPL34,5.709604,0.28013036,1.1323962481133597e-08,4.061435811830965e-06,0.9818181818181818,0.9927313391109869
9,RPS29,5.654405,0.37770677,1.563869296802424e-08,5.4754042879713445e-06,0.9818181818181818,0.9843444227005871
9,PTMA,5.648639,0.22295487,1.617229507976966e-08,5.530548817395648e-06,0.9454545454545454,0.977914453452614
9,IL7R,5.6045194,2.720542,2.0883378652219847e-08,6.979320070020292e-06,0.6181818181818182,0.20268381325132792
9,DUSP1,5.56487,0.8984745,2.6234841084600617e-08,8.572963069978934e-06,0.7818181818181819,0.6933184232597148
9,PFN1,5.492956,0.8953746,3.9526078940646854e-08,1.2635456322222e-05,0.8181818181818182,0.7201565557729941
9,RPS14,5.4794807,0.4021086,4.265763266460878e-08,1.2980962962354873e-05,1.0,0.9815487838971205
9,MALAT1,5.477019,0.32732284,4.325516390040046e-08,1.2980962962354873e-05,1.0,0.9927313391109869
9,RPL41,5.425189,0.32749176,5.7893202425170126e-08,1.669254003259072e-05,1.0,0.9913335197092535
9,FCER1G,5.408474,2.8428013,6.356396824157277e-08,1.7706300995852398e-05,0.5454545454545454,0.1596309756779424
9,FAU,5.3789315,0.5333621,7.49292904085139e-08,2.040435584179994e-05,0.9636363636363636,0.9183673469387755
9,RPL10,5.357811,0.32547125,8.423639188951626e-08,2.2521748049733393e-05,1.0,0.9930109029913335
9,RPS27A,5.3329325,0.37099504,9.663918072390534e-08,2.5376413438304072e-05,1.0,0.9821079116578139
9,MT-CO1,5.2906914,0.30943406,1.2185471456173266e-07,2.9917504527652924e-05,1.0,0.9904948280682135
9,HLA-E,5.2903676,0.9951361,1.2207074271738698e-07,2.9917504527652924e-05,0.8,0.6804584847637685
9,RPS18,5.1232824,0.30457777,3.002623624309972e-07,7.121545225077119e-05,1.0,0.9930109029913335
